Ref,Val,Package,PosX,PosY,Rot,Side
"D1","1N4148","D_0603_1608Metric",-19.938900,-2.362200,0.000000,bottom
"D2","1N4148","D_0603_1608Metric",-44.322900,-2.387600,0.000000,bottom
