Ref,Val,Package,PosX,PosY,Rot,Side
"Q1","BC847/547","SOT-23",12.201400,-6.365200,0.000000,top
"Q2","BC847/547","SOT-23",11.598400,-2.326600,180.000000,top
"R1","390R","R_0603_1608Metric",7.553960,-19.618860,-90.000000,top
"R2","1K","R_0603_1608Metric",12.913460,-8.905240,0.000000,top
"U1","TLP521","SMDIP-4_W9.53mm_Clearance8mm",11.181080,-15.626080,90.000000,top
